행정동명,표준산업분류명,개수,비율
고운동,가전제품 소매업,1,0.28328611898017
고운동,가전제품 수리업,2,0.56657223796034
고운동,가정용 세탁업,9,2.5495750708215295
고운동,건강보조식품 소매업,4,1.13314447592068
고운동,"게임용구, 인형 및 장난감 소매업",1,0.28328611898017
고운동,과실 및 채소 소매업,1,0.28328611898017
고운동,그외 기타 분류안된 가정용품 소매업,1,0.28328611898017
고운동,그외 기타 분류안된 교육기관,1,0.28328611898017
고운동,그외 기타 종합 소매업,7,1.9830028328611897
고운동,기타 대형 종합 소매업,2,0.56657223796034
고운동,기타 미용관련 서비스업,1,0.28328611898017
고운동,"기타 섬유, 직물 및 의복액세서리 소매업",1,0.28328611898017
고운동,기타 식료품 소매업,5,1.41643059490085
고운동,기타 외국식 음식점업,1,0.28328611898017
고운동,기타 주점업,13,3.6827195467422094
고운동,기타미용업,10,2.8328611898017
고운동,남녀용 정장 소매업,3,0.84985835694051
고운동,노래연습장 운영업,2,0.56657223796034
고운동,당구장 운영업,1,0.28328611898017
고운동,두발미용업,28,7.932011331444759
고운동,레크레이션 교육기관,1,0.28328611898017
고운동,문구용품 소매업,3,0.84985835694051
고운동,보육시설 운영업,2,0.56657223796034
고운동,부동산 자문 및 중개업,25,7.0821529745042495
고운동,분식 및 김밥 전문점,18,5.099150141643059
고운동,비알콜 음료점업,18,5.099150141643059
고운동,서양식 음식점업,8,2.26628895184136
고운동,서적 및 잡지류 소매업,1,0.28328611898017
고운동,셔츠 및 기타 의복 소매업,1,0.28328611898017
고운동,수산물 소매업,2,0.56657223796034
고운동,슈퍼마켓,4,1.13314447592068
고운동,스포츠 교육기관,12,3.39943342776204
고운동,시계 및 귀금속 소매업,1,0.28328611898017
고운동,악기 소매업,1,0.28328611898017
고운동,안경 소매업,1,0.28328611898017
고운동,애완용 동물 및 관련용품 소매업,1,0.28328611898017
고운동,예술 학원,13,3.6827195467422094
고운동,예술품 및 골동품 소매업,1,0.28328611898017
고운동,외국어학원,3,0.84985835694051
고운동,운동 및 경기용품 소매업,1,0.28328611898017
고운동,의류 임대업,1,0.28328611898017
고운동,이용업,3,0.84985835694051
고운동,인물사진 및 행사용비디오 촬영업,1,0.28328611898017
고운동,일반 교과 학원,17,4.815864022662889
고운동,일식 음식점업,3,0.84985835694051
고운동,자동차 세차업,2,0.56657223796034
고운동,자전거 및 기타 운송장비 소매업,1,0.28328611898017
고운동,전시 및 행사 대행업,1,0.28328611898017
고운동,점술 및 유사 서비스업,1,0.28328611898017
고운동,제과점업,10,2.8328611898017
고운동,중식 음식점업,4,1.13314447592068
고운동,차량용 주유소 운영업,1,0.28328611898017
고운동,철물 및 난방용구 소매업,1,0.28328611898017
고운동,체력단련시설 운영업,1,0.28328611898017
고운동,체인화 편의점,8,2.26628895184136
고운동,치킨 전문점,8,2.26628895184136
고운동,컴퓨터 게임방 운영업,3,0.84985835694051
고운동,컴퓨터 및 사무용 기기 수리업,1,0.28328611898017
고운동,"컴퓨터 및 주변장치, 소프트웨어 소매업",1,0.28328611898017
고운동,"피자, 햄버거, 샌드위치 및 유사 음식점업",3,0.84985835694051
고운동,한식 음식점업,49,13.881019830028329
고운동,화장품 및 방향제 소매업,3,0.84985835694051
고운동,화초 및 산식물 소매업,3,0.84985835694051
금남면,가구 소매업,5,0.7153075822603719
금남면,가전제품 소매업,4,0.5722460658082975
금남면,가전제품 수리업,1,0.14306151645207438
금남면,가정용 가스연료 소매업,1,0.14306151645207438
금남면,가정용 세탁업,5,0.7153075822603719
금남면,가정용 직물제품 소매업,1,0.14306151645207438
금남면,간판 및 광고물 제조업,1,0.14306151645207438
금남면,건강보조식품 소매업,8,1.144492131616595
금남면,과실 및 채소 소매업,25,3.5765379113018603
금남면,그외 기타 개인 및 가정용품 수리업,1,0.14306151645207438
금남면,그외 기타 달리 분류되지 않은 개인 서비스업,1,0.14306151645207438
금남면,그외 기타 분류안된 가정용품 소매업,4,0.5722460658082975
금남면,그외 기타 분류안된 교육기관,1,0.14306151645207438
금남면,그외 기타 분류안된 상품 전문 소매업,1,0.14306151645207438
금남면,그외 기타 음식점업,2,0.28612303290414876
금남면,그외 기타 종합 소매업,1,0.14306151645207438
금남면,기계공구 소매업,1,0.14306151645207438
금남면,기관구내식당업,1,0.14306151645207438
금남면,기타 갬블링 및 베팅업,2,0.28612303290414876
금남면,기타 관광숙박시설 운영업,1,0.14306151645207438
금남면,기타 대형 종합 소매업,2,0.28612303290414876
금남면,"기타 섬유, 직물 및 의복액세서리 소매업",12,1.7167381974248928
금남면,기타 식료품 소매업,7,1.0014306151645207
금남면,기타 음·식료품 위주 종합 소매업,5,0.7153075822603719
금남면,기타 인쇄업,1,0.14306151645207438
금남면,기타 자동차신품 부품 및 내장품 판매업,2,0.28612303290414876
금남면,기타 주점업,12,1.7167381974248928
금남면,기타 중고상품 소매업,1,0.14306151645207438
금남면,남녀용 정장 소매업,1,0.14306151645207438
금남면,노래연습장 운영업,4,0.5722460658082975
금남면,당구장 운영업,3,0.4291845493562232
금남면,두발미용업,21,3.004291845493562
금남면,문구용품 소매업,7,1.0014306151645207
금남면,배관 및 냉·난방 공사업,2,0.28612303290414876
금남면,벽지 및 장판류 소매업,3,0.4291845493562232
금남면,보육시설 운영업,1,0.14306151645207438
금남면,복권발행 및 판매업,1,0.14306151645207438
금남면,부동산 감정평가업,1,0.14306151645207438
금남면,부동산 자문 및 중개업,91,13.01859799713877
금남면,분식 및 김밥 전문점,17,2.432045779685265
금남면,비알콜 음료점업,29,4.148783977110158
금남면,서양식 음식점업,4,0.5722460658082975
금남면,서적 및 잡지류 소매업,2,0.28612303290414876
금남면,셔츠 및 기타 의복 소매업,3,0.4291845493562232
금남면,수영장 운영업,1,0.14306151645207438
금남면,슈퍼마켓,10,1.4306151645207439
금남면,스포츠 교육기관,1,0.14306151645207438
금남면,시계 및 귀금속 소매업,1,0.14306151645207438
금남면,식탁 및 주방용품 소매업,1,0.14306151645207438
금남면,신발 소매업,2,0.28612303290414876
금남면,애완용 동물 및 관련용품 소매업,1,0.14306151645207438
금남면,여관업,1,0.14306151645207438
금남면,예술 학원,1,0.14306151645207438
금남면,예술품 및 골동품 소매업,1,0.14306151645207438
금남면,외국어학원,2,0.28612303290414876
금남면,욕탕업,1,0.14306151645207438
금남면,우편업,1,0.14306151645207438
금남면,운동 및 경기용품 소매업,4,0.5722460658082975
금남면,육류 소매업,6,0.8583690987124464
금남면,음료 소매업,1,0.14306151645207438
금남면,음반 및 비디오물 임대업,1,0.14306151645207438
금남면,이동 음식업,1,0.14306151645207438
금남면,이용업,8,1.144492131616595
금남면,일반 교과 학원,9,1.2875536480686696
금남면,일반유흥 주점업,6,0.8583690987124464
금남면,일식 음식점업,2,0.28612303290414876
금남면,자동차 신품 판매업,2,0.28612303290414876
금남면,자동차 임대업,1,0.14306151645207438
금남면,자동차 타이어 및 튜브 판매업,2,0.28612303290414876
금남면,전기용품 및 조명장치 소매업,11,1.5736766809728182
금남면,전시 및 행사 대행업,2,0.28612303290414876
금남면,제과점업,5,0.7153075822603719
금남면,중식 음식점업,17,2.432045779685265
금남면,차량용 주유소 운영업,5,0.7153075822603719
금남면,철물 및 난방용구 소매업,10,1.4306151645207439
금남면,체인화 편의점,7,1.0014306151645207
금남면,치킨 전문점,10,1.4306151645207439
금남면,컴퓨터 게임방 운영업,4,0.5722460658082975
금남면,컴퓨터 및 사무용 기기 수리업,2,0.28612303290414876
금남면,"컴퓨터 및 주변장치, 소프트웨어 소매업",1,0.14306151645207438
금남면,통신기기 소매업,5,0.7153075822603719
금남면,"페인트, 유리 및 기타 건설자재 소매업",10,1.4306151645207439
금남면,"피자, 햄버거, 샌드위치 및 유사 음식점업",2,0.28612303290414876
금남면,한복 소매업,1,0.14306151645207438
금남면,한식 음식점업,175,25.035765379113016
금남면,화장품 및 방향제 소매업,2,0.28612303290414876
금남면,화초 및 산식물 소매업,6,0.8583690987124464
대평동,가정용 세탁업,1,0.9009009009009009
대평동,과실 및 채소 소매업,4,3.6036036036036037
대평동,그외 기타 분류안된 교육기관,1,0.9009009009009009
대평동,그외 기타 종합 소매업,4,3.6036036036036037
대평동,기타 대형 종합 소매업,3,2.7027027027027026
대평동,기타 주점업,4,3.6036036036036037
대평동,기타미용업,6,5.405405405405405
대평동,두발미용업,13,11.711711711711711
대평동,부동산 자문 및 중개업,2,1.8018018018018018
대평동,분식 및 김밥 전문점,4,3.6036036036036037
대평동,비알콜 음료점업,7,6.306306306306306
대평동,서양식 음식점업,2,1.8018018018018018
대평동,서적 및 잡지류 소매업,1,0.9009009009009009
대평동,슈퍼마켓,1,0.9009009009009009
대평동,스포츠 교육기관,1,0.9009009009009009
대평동,안경 소매업,1,0.9009009009009009
대평동,예술 학원,6,5.405405405405405
대평동,예술품 및 골동품 소매업,1,0.9009009009009009
대평동,외국어학원,2,1.8018018018018018
대평동,육류 소매업,3,2.7027027027027026
대평동,의약품 및 의료용품 소매업,1,0.9009009009009009
대평동,이용업,2,1.8018018018018018
대평동,인물사진 및 행사용비디오 촬영업,2,1.8018018018018018
대평동,일반 교과 학원,1,0.9009009009009009
대평동,제과점업,3,2.7027027027027026
대평동,종합 스포츠시설 운영업,1,0.9009009009009009
대평동,중식 음식점업,1,0.9009009009009009
대평동,차량용 주유소 운영업,3,2.7027027027027026
대평동,철물 및 난방용구 소매업,1,0.9009009009009009
대평동,체인화 편의점,3,2.7027027027027026
대평동,컴퓨터 게임방 운영업,2,1.8018018018018018
대평동,통신기기 소매업,1,0.9009009009009009
대평동,한식 음식점업,17,15.315315315315313
대평동,화초 및 산식물 소매업,1,0.9009009009009009
도담동,가구 소매업,1,0.12453300124533001
도담동,가방 및 기타 가죽제품 소매업,1,0.12453300124533001
도담동,가전제품 소매업,5,0.62266500622665
도담동,가전제품 수리업,1,0.12453300124533001
도담동,가정용 세탁업,10,1.2453300124533
도담동,가정용 직물제품 소매업,2,0.24906600249066002
도담동,경영컨설팅업,3,0.37359900373599003
도담동,관광 민예품 및 선물용품 소매업,1,0.12453300124533001
도담동,그외 기타 분류안된 가정용품 소매업,1,0.12453300124533001
도담동,그외 기타 분류안된 교육기관,3,0.37359900373599003
도담동,그외 기타 분류안된 상품 전문 소매업,1,0.12453300124533001
도담동,그외 기타 음식점업,5,0.62266500622665
도담동,그외 기타 종합 소매업,64,7.970112079701121
도담동,기타 대형 종합 소매업,3,0.37359900373599003
도담동,기타 미용관련 서비스업,1,0.12453300124533001
도담동,"기타 섬유, 직물 및 의복액세서리 소매업",2,0.24906600249066002
도담동,기타 식료품 소매업,2,0.24906600249066002
도담동,기타 외국식 음식점업,1,0.12453300124533001
도담동,기타 음·식료품 위주 종합 소매업,6,0.7471980074719801
도담동,기타 자동차신품 부품 및 내장품 판매업,1,0.12453300124533001
도담동,기타 주점업,24,2.9887920298879203
도담동,기타미용업,8,0.9962640099626401
도담동,남녀용 정장 소매업,11,1.36986301369863
도담동,노래연습장 운영업,7,0.8717310087173101
도담동,당구장 운영업,1,0.12453300124533001
도담동,독서실 운영업,1,0.12453300124533001
도담동,두발미용업,30,3.7359900373599
도담동,마사지업,1,0.12453300124533001
도담동,문구용품 소매업,5,0.62266500622665
도담동,방문 교육 학원,2,0.24906600249066002
도담동,번역 및 통역서비스업,1,0.12453300124533001
도담동,보육시설 운영업,6,0.7471980074719801
도담동,복권발행 및 판매업,2,0.24906600249066002
도담동,볼링장 운영업,1,0.12453300124533001
도담동,부동산 감정평가업,1,0.12453300124533001
도담동,부동산 자문 및 중개업,50,6.226650062266501
도담동,분식 및 김밥 전문점,24,2.9887920298879203
도담동,비알콜 음료점업,73,9.090909090909092
도담동,서양식 음식점업,15,1.86799501867995
도담동,서적 및 잡지류 소매업,2,0.24906600249066002
도담동,셔츠 및 기타 의복 소매업,14,1.7434620174346203
도담동,수산물 소매업,2,0.24906600249066002
도담동,슈퍼마켓,9,1.1207970112079702
도담동,스포츠 교육기관,6,0.7471980074719801
도담동,시계 및 귀금속 소매업,1,0.12453300124533001
도담동,식탁 및 주방용품 소매업,1,0.12453300124533001
도담동,신발 소매업,1,0.12453300124533001
도담동,"신발, 의복 및 기타 가정용 직물제품 수리업",2,0.24906600249066002
도담동,악기 소매업,1,0.12453300124533001
도담동,안경 소매업,7,0.8717310087173101
도담동,애완용 동물 및 관련용품 소매업,1,0.12453300124533001
도담동,예술 학원,11,1.36986301369863
도담동,예술품 및 골동품 소매업,1,0.12453300124533001
도담동,외국어학원,5,0.62266500622665
도담동,운동 및 경기용품 소매업,9,1.1207970112079702
도담동,육류 소매업,2,0.24906600249066002
도담동,의료용 기구 소매업,1,0.12453300124533001
도담동,이동 음식업,1,0.12453300124533001
도담동,이용업,3,0.37359900373599003
도담동,인물사진 및 행사용비디오 촬영업,2,0.24906600249066002
도담동,일반 교과 학원,14,1.7434620174346203
도담동,일반유흥 주점업,6,0.7471980074719801
도담동,일식 음식점업,9,1.1207970112079702
도담동,자동차 세차업,3,0.37359900373599003
도담동,자동차 타이어 및 튜브 판매업,3,0.37359900373599003
도담동,전기용품 및 조명장치 소매업,4,0.49813200498132004
도담동,제과점업,28,3.4869240348692405
도담동,종합 스포츠시설 운영업,1,0.12453300124533001
도담동,중식 음식점업,12,1.4943960149439601
도담동,철물 및 난방용구 소매업,2,0.24906600249066002
도담동,체력단련시설 운영업,2,0.24906600249066002
도담동,체인화 편의점,23,2.86425902864259
도담동,치킨 전문점,13,1.61892901618929
도담동,컴퓨터 게임방 운영업,2,0.24906600249066002
도담동,컴퓨터 및 사무용 기기 수리업,2,0.24906600249066002
도담동,"컴퓨터 및 주변장치, 소프트웨어 소매업",3,0.37359900373599003
도담동,통신기기 소매업,5,0.62266500622665
도담동,"피자, 햄버거, 샌드위치 및 유사 음식점업",6,0.7471980074719801
도담동,한식 음식점업,170,21.170610211706105
도담동,화장품 및 방향제 소매업,7,0.8717310087173101
도담동,화초 및 산식물 소매업,3,0.37359900373599003
보람동,가구 소매업,2,0.4761904761904762
보람동,가전제품 소매업,1,0.2380952380952381
보람동,가정용 세탁업,1,0.2380952380952381
보람동,간판 및 광고물 제조업,1,0.2380952380952381
보람동,건강보조식품 소매업,2,0.4761904761904762
보람동,경영컨설팅업,2,0.4761904761904762
보람동,골프연습장 운영업,1,0.2380952380952381
보람동,과실 및 채소 소매업,1,0.2380952380952381
보람동,그외 기타 달리 분류되지 않은 개인 서비스업,1,0.2380952380952381
보람동,그외 기타 분류안된 가정용품 소매업,1,0.2380952380952381
보람동,그외 기타 스포츠 서비스업,2,0.4761904761904762
보람동,그외 기타 음식점업,4,0.9523809523809524
보람동,그외 기타 종합 소매업,22,5.238095238095238
보람동,기타 기술 및 직업훈련학원,1,0.2380952380952381
보람동,기타 대형 종합 소매업,2,0.4761904761904762
보람동,기타 미용관련 서비스업,1,0.2380952380952381
보람동,기타 식료품 소매업,1,0.2380952380952381
보람동,기타 외국식 음식점업,2,0.4761904761904762
보람동,기타 인쇄업,1,0.2380952380952381
보람동,기타 자동차신품 부품 및 내장품 판매업,1,0.2380952380952381
보람동,기타 주점업,10,2.380952380952381
보람동,기타미용업,7,1.6666666666666667
보람동,남녀용 정장 소매업,2,0.4761904761904762
보람동,노래연습장 운영업,3,0.7142857142857143
보람동,두발미용업,27,6.428571428571428
보람동,레크레이션 교육기관,1,0.2380952380952381
보람동,문구용품 소매업,1,0.2380952380952381
보람동,보육시설 운영업,1,0.2380952380952381
보람동,부동산 자문 및 중개업,19,4.523809523809524
보람동,분식 및 김밥 전문점,22,5.238095238095238
보람동,비알콜 음료점업,29,6.904761904761905
보람동,서양식 음식점업,11,2.619047619047619
보람동,서적 및 잡지류 소매업,1,0.2380952380952381
보람동,셔츠 및 기타 의복 소매업,1,0.2380952380952381
보람동,슈퍼마켓,2,0.4761904761904762
보람동,스포츠 교육기관,5,1.1904761904761905
보람동,식탁 및 주방용품 소매업,1,0.2380952380952381
보람동,신발 소매업,1,0.2380952380952381
보람동,애완용 동물 및 관련용품 소매업,1,0.2380952380952381
보람동,예술 학원,4,0.9523809523809524
보람동,외국어학원,3,0.7142857142857143
보람동,운동 및 경기용품 소매업,2,0.4761904761904762
보람동,이용업,1,0.2380952380952381
보람동,인물사진 및 행사용비디오 촬영업,3,0.7142857142857143
보람동,일반 교과 학원,15,3.571428571428571
보람동,일식 음식점업,6,1.4285714285714286
보람동,자동차 임대업,2,0.4761904761904762
보람동,전시 및 행사 대행업,1,0.2380952380952381
보람동,점술 및 유사 서비스업,1,0.2380952380952381
보람동,제과점업,6,1.4285714285714286
보람동,종합 스포츠시설 운영업,2,0.4761904761904762
보람동,중식 음식점업,5,1.1904761904761905
보람동,지도제작업,1,0.2380952380952381
보람동,체력단련시설 운영업,1,0.2380952380952381
보람동,체인화 편의점,15,3.571428571428571
보람동,치킨 전문점,11,2.619047619047619
보람동,컴퓨터 게임방 운영업,1,0.2380952380952381
보람동,"피자, 햄버거, 샌드위치 및 유사 음식점업",6,1.4285714285714286
보람동,한식 음식점업,117,27.857142857142858
보람동,화초 및 산식물 소매업,1,0.2380952380952381
부강면,가구 소매업,1,0.22935779816513763
부강면,가방 및 기타 가죽제품 소매업,1,0.22935779816513763
부강면,가전제품 소매업,1,0.22935779816513763
부강면,가정용 세탁업,8,1.834862385321101
부강면,가정용 직물제품 소매업,1,0.22935779816513763
부강면,건강보조식품 소매업,6,1.3761467889908259
부강면,곡물 소매업,1,0.22935779816513763
부강면,과실 및 채소 소매업,8,1.834862385321101
부강면,관광 민예품 및 선물용품 소매업,1,0.22935779816513763
부강면,그외 기타 분류안된 가정용품 소매업,2,0.45871559633027525
부강면,그외 기타 음식점업,3,0.6880733944954129
부강면,그외 기타 종합 소매업,8,1.834862385321101
부강면,기계공구 소매업,1,0.22935779816513763
부강면,기관구내식당업,2,0.45871559633027525
부강면,기타 갬블링 및 베팅업,1,0.22935779816513763
부강면,기타 대형 종합 소매업,3,0.6880733944954129
부강면,기타 식료품 소매업,7,1.6055045871559634
부강면,기타 음·식료품 위주 종합 소매업,5,1.146788990825688
부강면,기타 주점업,20,4.587155963302752
부강면,남녀용 정장 소매업,2,0.45871559633027525
부강면,노래연습장 운영업,8,1.834862385321101
부강면,당구장 운영업,2,0.45871559633027525
부강면,두발미용업,20,4.587155963302752
부강면,맞선주선 및 결혼 상담업,1,0.22935779816513763
부강면,문구용품 소매업,3,0.6880733944954129
부강면,배관 및 냉·난방 공사업,1,0.22935779816513763
부강면,벽지 및 장판류 소매업,1,0.22935779816513763
부강면,보육시설 운영업,1,0.22935779816513763
부강면,부동산 자문 및 중개업,14,3.211009174311927
부강면,분식 및 김밥 전문점,17,3.89908256880734
부강면,비알콜 음료점업,11,2.522935779816514
부강면,서양식 음식점업,3,0.6880733944954129
부강면,셔츠 및 기타 의복 소매업,1,0.22935779816513763
부강면,수산물 소매업,2,0.45871559633027525
부강면,슈퍼마켓,12,2.7522935779816518
부강면,시계 및 귀금속 소매업,1,0.22935779816513763
부강면,식탁 및 주방용품 소매업,2,0.45871559633027525
부강면,신발 소매업,1,0.22935779816513763
부강면,안경 소매업,4,0.9174311926605505
부강면,여관업,8,1.834862385321101
부강면,예술 학원,3,0.6880733944954129
부강면,예식장업,1,0.22935779816513763
부강면,외국어학원,2,0.45871559633027525
부강면,운동 및 경기용품 소매업,2,0.45871559633027525
부강면,유리 및 창호 공사업,1,0.22935779816513763
부강면,육류 소매업,9,2.064220183486239
부강면,음반 및 비디오물 임대업,1,0.22935779816513763
부강면,이동 음식업,1,0.22935779816513763
부강면,이용업,5,1.146788990825688
부강면,인물사진 및 행사용비디오 촬영업,2,0.45871559633027525
부강면,일반 교과 학원,4,0.9174311926605505
부강면,일반유흥 주점업,4,0.9174311926605505
부강면,일식 음식점업,1,0.22935779816513763
부강면,자동차 세차업,1,0.22935779816513763
부강면,자동차 타이어 및 튜브 판매업,2,0.45871559633027525
부강면,전기용품 및 조명장치 소매업,6,1.3761467889908259
부강면,제과점업,3,0.6880733944954129
부강면,중식 음식점업,7,1.6055045871559634
부강면,차량용 가스 충전업,2,0.45871559633027525
부강면,차량용 주유소 운영업,3,0.6880733944954129
부강면,철물 및 난방용구 소매업,4,0.9174311926605505
부강면,체인화 편의점,12,2.7522935779816518
부강면,치킨 전문점,14,3.211009174311927
부강면,컴퓨터 및 사무용 기기 수리업,1,0.22935779816513763
부강면,통신기기 소매업,5,1.146788990825688
부강면,"페인트, 유리 및 기타 건설자재 소매업",7,1.6055045871559634
부강면,"피자, 햄버거, 샌드위치 및 유사 음식점업",1,0.22935779816513763
부강면,한식 음식점업,101,23.165137614678898
부강면,화장품 및 방향제 소매업,2,0.45871559633027525
부강면,화초 및 산식물 소매업,8,1.834862385321101
새롬동,가구 소매업,2,0.17889087656529518
새롬동,가전제품 소매업,3,0.26833631484794274
새롬동,가정용 세탁업,11,0.9838998211091234
새롬동,가정용 직물제품 소매업,1,0.08944543828264759
새롬동,건강보조식품 소매업,5,0.4472271914132379
새롬동,"게임용구, 인형 및 장난감 소매업",3,0.26833631484794274
새롬동,경영컨설팅업,1,0.08944543828264759
새롬동,과실 및 채소 소매업,1,0.08944543828264759
새롬동,그외 기타 분류안된 가정용품 소매업,4,0.35778175313059035
새롬동,그외 기타 분류안된 교육기관,9,0.8050089445438283
새롬동,그외 기타 스포츠 서비스업,1,0.08944543828264759
새롬동,그외 기타 스포츠시설 운영업,2,0.17889087656529518
새롬동,그외 기타 음식점업,3,0.26833631484794274
새롬동,그외 기타 종합 소매업,130,11.627906976744185
새롬동,기원 운영업,1,0.08944543828264759
새롬동,기타 기술 및 직업훈련학원,1,0.08944543828264759
새롬동,기타 대형 종합 소매업,4,0.35778175313059035
새롬동,기타 미용관련 서비스업,4,0.35778175313059035
새롬동,"기타 섬유, 직물 및 의복액세서리 소매업",1,0.08944543828264759
새롬동,기타 식료품 소매업,8,0.7155635062611807
새롬동,기타 외국식 음식점업,3,0.26833631484794274
새롬동,기타 음·식료품 위주 종합 소매업,4,0.35778175313059035
새롬동,기타 인쇄업,1,0.08944543828264759
새롬동,기타 자동차신품 부품 및 내장품 판매업,1,0.08944543828264759
새롬동,기타 주점업,14,1.2522361359570662
새롬동,기타미용업,11,0.9838998211091234
새롬동,남녀용 정장 소매업,9,0.8050089445438283
새롬동,내의 소매업,1,0.08944543828264759
새롬동,노래연습장 운영업,8,0.7155635062611807
새롬동,당구장 운영업,3,0.26833631484794274
새롬동,독서실 운영업,1,0.08944543828264759
새롬동,두발미용업,70,6.261180679785331
새롬동,문구용품 소매업,7,0.6261180679785331
새롬동,방문 교육 학원,1,0.08944543828264759
새롬동,번역 및 통역서비스업,1,0.08944543828264759
새롬동,보육시설 운영업,7,0.6261180679785331
새롬동,복권발행 및 판매업,1,0.08944543828264759
새롬동,부동산 자문 및 중개업,151,13.506261180679784
새롬동,분식 및 김밥 전문점,25,2.23613595706619
새롬동,비알콜 음료점업,56,5.008944543828265
새롬동,서양식 음식점업,12,1.073345259391771
새롬동,서적 및 잡지류 소매업,3,0.26833631484794274
새롬동,셔츠 및 기타 의복 소매업,11,0.9838998211091234
새롬동,수산물 소매업,1,0.08944543828264759
새롬동,슈퍼마켓,15,1.3416815742397137
새롬동,스포츠 교육기관,29,2.59391771019678
새롬동,시계 및 귀금속 소매업,1,0.08944543828264759
새롬동,식탁 및 주방용품 소매업,1,0.08944543828264759
새롬동,"신발, 의복 및 기타 가정용 직물제품 수리업",1,0.08944543828264759
새롬동,악기 소매업,1,0.08944543828264759
새롬동,안경 소매업,8,0.7155635062611807
새롬동,예술 학원,17,1.520572450805009
새롬동,외국어학원,12,1.073345259391771
새롬동,운동 및 경기용품 소매업,2,0.17889087656529518
새롬동,육류 소매업,6,0.5366726296958855
새롬동,의료용 기구 소매업,2,0.17889087656529518
새롬동,의약품 및 의료용품 소매업,1,0.08944543828264759
새롬동,이용업,2,0.17889087656529518
새롬동,인물사진 및 행사용비디오 촬영업,3,0.26833631484794274
새롬동,일반 교과 학원,39,3.488372093023256
새롬동,일반유흥 주점업,1,0.08944543828264759
새롬동,일식 음식점업,12,1.073345259391771
새롬동,자동차 세차업,1,0.08944543828264759
새롬동,자동차 신품 판매업,2,0.17889087656529518
새롬동,자동차 타이어 및 튜브 판매업,2,0.17889087656529518
새롬동,자동판매기 운영업,1,0.08944543828264759
새롬동,자전거 및 기타 운송장비 소매업,3,0.26833631484794274
새롬동,전기용품 및 조명장치 소매업,5,0.4472271914132379
새롬동,전시 및 행사 대행업,1,0.08944543828264759
새롬동,제과점업,18,1.6100178890876566
새롬동,중고 자동차 판매업,1,0.08944543828264759
새롬동,중식 음식점업,9,0.8050089445438283
새롬동,차량용 주유소 운영업,1,0.08944543828264759
새롬동,체력단련시설 운영업,1,0.08944543828264759
새롬동,체인화 편의점,32,2.862254025044723
새롬동,치킨 전문점,17,1.520572450805009
새롬동,컴퓨터 게임방 운영업,4,0.35778175313059035
새롬동,컴퓨터 및 사무용 기기 수리업,1,0.08944543828264759
새롬동,"컴퓨터 및 주변장치, 소프트웨어 소매업",1,0.08944543828264759
새롬동,통신기기 소매업,7,0.6261180679785331
새롬동,"피자, 햄버거, 샌드위치 및 유사 음식점업",11,0.9838998211091234
새롬동,한식 음식점업,166,14.847942754919499
새롬동,화장품 및 방향제 소매업,13,1.1627906976744187
새롬동,화초 및 산식물 소매업,5,0.4472271914132379
소담동,가정용 세탁업,4,1.8867924528301887
소담동,건강보조식품 소매업,3,1.4150943396226416
소담동,그외 기타 분류안된 가정용품 소매업,2,0.9433962264150944
소담동,그외 기타 분류안된 교육기관,2,0.9433962264150944
소담동,그외 기타 음식점업,3,1.4150943396226416
소담동,그외 기타 종합 소매업,1,0.4716981132075472
소담동,기관구내식당업,1,0.4716981132075472
소담동,기타 기술 및 직업훈련학원,1,0.4716981132075472
소담동,기타 대형 종합 소매업,1,0.4716981132075472
소담동,"기타 섬유, 직물 및 의복액세서리 소매업",1,0.4716981132075472
소담동,기타 음·식료품 위주 종합 소매업,1,0.4716981132075472
소담동,기타 인쇄업,1,0.4716981132075472
소담동,기타 주점업,3,1.4150943396226416
소담동,기타미용업,4,1.8867924528301887
소담동,남녀용 정장 소매업,1,0.4716981132075472
소담동,두발미용업,24,11.320754716981133
소담동,문구용품 소매업,2,0.9433962264150944
소담동,번역 및 통역서비스업,1,0.4716981132075472
소담동,보육시설 운영업,1,0.4716981132075472
소담동,부동산 자문 및 중개업,11,5.188679245283019
소담동,분식 및 김밥 전문점,17,8.018867924528301
소담동,비알콜 음료점업,13,6.132075471698113
소담동,사무용 기기 소매업,1,0.4716981132075472
소담동,서양식 음식점업,1,0.4716981132075472
소담동,서적 및 잡지류 소매업,1,0.4716981132075472
소담동,셔츠 및 기타 의복 소매업,4,1.8867924528301887
소담동,슈퍼마켓,3,1.4150943396226416
소담동,스포츠 교육기관,5,2.358490566037736
소담동,시계 및 귀금속 소매업,1,0.4716981132075472
소담동,애완용 동물 및 관련용품 소매업,1,0.4716981132075472
소담동,예술 학원,15,7.0754716981132075
소담동,외국어학원,4,1.8867924528301887
소담동,운동 및 경기용품 소매업,1,0.4716981132075472
소담동,육류 소매업,2,0.9433962264150944
소담동,일반 교과 학원,10,4.716981132075472
소담동,일식 음식점업,3,1.4150943396226416
소담동,제과점업,5,2.358490566037736
소담동,체인화 편의점,10,4.716981132075472
소담동,치킨 전문점,3,1.4150943396226416
소담동,통신기기 소매업,2,0.9433962264150944
소담동,"피자, 햄버거, 샌드위치 및 유사 음식점업",5,2.358490566037736
소담동,한식 음식점업,26,12.264150943396226
소정면,가전제품 소매업,1,0.6060606060606061
소정면,가정용 세탁업,2,1.2121212121212122
소정면,건강보조식품 소매업,1,0.6060606060606061
소정면,과실 및 채소 소매업,1,0.6060606060606061
소정면,그외 기타 분류안된 가정용품 소매업,1,0.6060606060606061
소정면,그외 기타 음식점업,1,0.6060606060606061
소정면,그외 기타 종합 소매업,1,0.6060606060606061
소정면,기타 대형 종합 소매업,1,0.6060606060606061
소정면,기타 식료품 소매업,2,1.2121212121212122
소정면,기타 음·식료품 위주 종합 소매업,1,0.6060606060606061
소정면,기타 자동차신품 부품 및 내장품 판매업,1,0.6060606060606061
소정면,기타 주점업,5,3.0303030303030303
소정면,기타 중고상품 소매업,1,0.6060606060606061
소정면,기타미용업,1,0.6060606060606061
소정면,노래연습장 운영업,1,0.6060606060606061
소정면,두발미용업,3,1.8181818181818181
소정면,보육시설 운영업,1,0.6060606060606061
소정면,부동산 자문 및 중개업,3,1.8181818181818181
소정면,분식 및 김밥 전문점,5,3.0303030303030303
소정면,비알콜 음료점업,11,6.666666666666667
소정면,슈퍼마켓,6,3.6363636363636362
소정면,신발 소매업,1,0.6060606060606061
소정면,여관업,1,0.6060606060606061
소정면,예술 학원,2,1.2121212121212122
소정면,우편업,1,0.6060606060606061
소정면,유리 및 창호 공사업,1,0.6060606060606061
소정면,육류 소매업,3,1.8181818181818181
소정면,이용업,2,1.2121212121212122
소정면,일반 교과 학원,4,2.4242424242424243
소정면,일반유흥 주점업,1,0.6060606060606061
소정면,자동차 타이어 및 튜브 판매업,2,1.2121212121212122
소정면,전기용품 및 조명장치 소매업,4,2.4242424242424243
소정면,제과점업,9,5.454545454545454
소정면,중고 자동차 판매업,2,1.2121212121212122
소정면,중식 음식점업,3,1.8181818181818181
소정면,차량용 주유소 운영업,2,1.2121212121212122
소정면,철물 및 난방용구 소매업,1,0.6060606060606061
소정면,체인화 편의점,5,3.0303030303030303
소정면,치킨 전문점,7,4.242424242424243
소정면,"페인트, 유리 및 기타 건설자재 소매업",5,3.0303030303030303
소정면,"피자, 햄버거, 샌드위치 및 유사 음식점업",2,1.2121212121212122
소정면,한식 음식점업,43,26.060606060606062
소정면,화장품 및 방향제 소매업,1,0.6060606060606061
소정면,화초 및 산식물 소매업,2,1.2121212121212122
아름동,가정용 세탁업,4,1.444043321299639
아름동,건강보조식품 소매업,4,1.444043321299639
아름동,그외 기타 분류안된 가정용품 소매업,1,0.36101083032490977
아름동,그외 기타 분류안된 교육기관,2,0.7220216606498195
아름동,그외 기타 스포츠 서비스업,3,1.083032490974729
아름동,그외 기타 스포츠시설 운영업,2,0.7220216606498195
아름동,기타 기술 및 직업훈련학원,1,0.36101083032490977
아름동,기타 미용관련 서비스업,1,0.36101083032490977
아름동,기타 식료품 소매업,1,0.36101083032490977
아름동,기타 주점업,3,1.083032490974729
아름동,기타미용업,8,2.888086642599278
아름동,남녀용 정장 소매업,1,0.36101083032490977
아름동,두발미용업,13,4.693140794223827
아름동,문구용품 소매업,3,1.083032490974729
아름동,보육시설 운영업,6,2.166064981949458
아름동,부동산 자문 및 중개업,13,4.693140794223827
아름동,분식 및 김밥 전문점,18,6.4981949458483745
아름동,비알콜 음료점업,31,11.191335740072201
아름동,서양식 음식점업,3,1.083032490974729
아름동,서적 및 잡지류 소매업,1,0.36101083032490977
아름동,서적 임대업,1,0.36101083032490977
아름동,셔츠 및 기타 의복 소매업,6,2.166064981949458
아름동,슈퍼마켓,4,1.444043321299639
아름동,스포츠 교육기관,6,2.166064981949458
아름동,안경 소매업,1,0.36101083032490977
아름동,애완용 동물 및 관련용품 소매업,2,0.7220216606498195
아름동,예술 학원,19,6.859205776173286
아름동,외국어학원,8,2.888086642599278
아름동,운동 및 경기용품 소매업,1,0.36101083032490977
아름동,인물사진 및 행사용비디오 촬영업,2,0.7220216606498195
아름동,일반 교과 학원,14,5.054151624548736
아름동,일식 음식점업,4,1.444043321299639
아름동,자전거 및 기타 운송장비 소매업,1,0.36101083032490977
아름동,전자상거래업,1,0.36101083032490977
아름동,제과점업,7,2.527075812274368
아름동,종합 스포츠시설 운영업,3,1.083032490974729
아름동,중식 음식점업,3,1.083032490974729
아름동,체인화 편의점,7,2.527075812274368
아름동,출장 음식 서비스업,1,0.36101083032490977
아름동,치킨 전문점,9,3.2490974729241873
아름동,컴퓨터 게임방 운영업,1,0.36101083032490977
아름동,통신기기 소매업,5,1.8050541516245486
아름동,포장 및 충전업,1,0.36101083032490977
아름동,"피자, 햄버거, 샌드위치 및 유사 음식점업",6,2.166064981949458
아름동,한식 음식점업,30,10.830324909747292
아름동,화장품 및 방향제 소매업,3,1.083032490974729
아름동,화초 및 산식물 소매업,1,0.36101083032490977
연기면,가구 소매업,1,0.5154639175257731
연기면,가전제품 소매업,2,1.0309278350515463
연기면,가정용 세탁업,3,1.5463917525773196
연기면,건강보조식품 소매업,2,1.0309278350515463
연기면,과실 및 채소 소매업,7,3.608247422680412
연기면,그외 기타 분류안된 가정용품 소매업,1,0.5154639175257731
연기면,그외 기타 음식점업,1,0.5154639175257731
연기면,그외 기타 종합 소매업,1,0.5154639175257731
연기면,기계공구 소매업,1,0.5154639175257731
연기면,기관구내식당업,1,0.5154639175257731
연기면,기타 대형 종합 소매업,1,0.5154639175257731
연기면,"기타 섬유, 직물 및 의복액세서리 소매업",1,0.5154639175257731
연기면,기타 식료품 소매업,3,1.5463917525773196
연기면,기타 음·식료품 위주 종합 소매업,1,0.5154639175257731
연기면,기타 인쇄업,3,1.5463917525773196
연기면,기타 자동차신품 부품 및 내장품 판매업,1,0.5154639175257731
연기면,기타 주점업,4,2.0618556701030926
연기면,기타 중고상품 소매업,1,0.5154639175257731
연기면,남녀용 정장 소매업,1,0.5154639175257731
연기면,노래연습장 운영업,1,0.5154639175257731
연기면,두발미용업,3,1.5463917525773196
연기면,문구용품 소매업,3,1.5463917525773196
연기면,벽지 및 장판류 소매업,1,0.5154639175257731
연기면,보육시설 운영업,2,1.0309278350515463
연기면,부동산 자문 및 중개업,27,13.917525773195877
연기면,분식 및 김밥 전문점,4,2.0618556701030926
연기면,비알콜 음료점업,2,1.0309278350515463
연기면,서적 및 잡지류 소매업,1,0.5154639175257731
연기면,셔츠 및 기타 의복 소매업,1,0.5154639175257731
연기면,수산물 소매업,1,0.5154639175257731
연기면,슈퍼마켓,7,3.608247422680412
연기면,여관업,3,1.5463917525773196
연기면,예술품 및 골동품 소매업,1,0.5154639175257731
연기면,우편업,1,0.5154639175257731
연기면,운동 및 경기용품 소매업,1,0.5154639175257731
연기면,유리 및 창호 공사업,2,1.0309278350515463
연기면,의약품 및 의료용품 소매업,1,0.5154639175257731
연기면,이용업,2,1.0309278350515463
연기면,인물사진 및 행사용비디오 촬영업,1,0.5154639175257731
연기면,일반 화물자동차 운송업,1,0.5154639175257731
연기면,일식 음식점업,1,0.5154639175257731
연기면,자동차 세차업,5,2.5773195876288657
연기면,자동차 타이어 및 튜브 판매업,2,1.0309278350515463
연기면,자동차중고 부품 및 내장품 판매업,1,0.5154639175257731
연기면,전기용품 및 조명장치 소매업,1,0.5154639175257731
연기면,중고 자동차 판매업,1,0.5154639175257731
연기면,중식 음식점업,5,2.5773195876288657
연기면,차량용 가스 충전업,1,0.5154639175257731
연기면,차량용 주유소 운영업,1,0.5154639175257731
연기면,체인화 편의점,9,4.639175257731959
연기면,치킨 전문점,7,3.608247422680412
연기면,"페인트, 유리 및 기타 건설자재 소매업",1,0.5154639175257731
연기면,한식 음식점업,42,21.649484536082475
연기면,"화장, 묘지분양 및 관리업",2,1.0309278350515463
연동면,가구 소매업,1,0.641025641025641
연동면,가전제품 소매업,1,0.641025641025641
연동면,가전제품 수리업,1,0.641025641025641
연동면,가정용 세탁업,1,0.641025641025641
연동면,건강보조식품 소매업,1,0.641025641025641
연동면,과실 및 채소 소매업,17,10.897435897435898
연동면,그외 기타 분류안된 교육기관,1,0.641025641025641
연동면,그외 기타 분류안된 상품 전문 소매업,1,0.641025641025641
연동면,그외 기타 종합 소매업,1,0.641025641025641
연동면,기계공구 소매업,1,0.641025641025641
연동면,기타 대형 종합 소매업,1,0.641025641025641
연동면,"기타 섬유, 직물 및 의복액세서리 소매업",1,0.641025641025641
연동면,기타 주점업,1,0.641025641025641
연동면,두발미용업,1,0.641025641025641
연동면,문구용품 소매업,2,1.282051282051282
연동면,벽지 및 장판류 소매업,1,0.641025641025641
연동면,보육시설 운영업,3,1.9230769230769231
연동면,부동산 자문 및 중개업,15,9.615384615384617
연동면,분식 및 김밥 전문점,2,1.282051282051282
연동면,비알콜 음료점업,6,3.8461538461538463
연동면,서양식 음식점업,1,0.641025641025641
연동면,서적 및 잡지류 소매업,1,0.641025641025641
연동면,슈퍼마켓,4,2.564102564102564
연동면,여관업,3,1.9230769230769231
연동면,예술 학원,1,0.641025641025641
연동면,예술품 및 골동품 소매업,1,0.641025641025641
연동면,외국어학원,1,0.641025641025641
연동면,육류 소매업,1,0.641025641025641
연동면,이용업,3,1.9230769230769231
연동면,일반 교과 학원,1,0.641025641025641
연동면,자동차 세차업,1,0.641025641025641
연동면,자동차 타이어 및 튜브 판매업,1,0.641025641025641
연동면,자동차중고 부품 및 내장품 판매업,1,0.641025641025641
연동면,제과점업,1,0.641025641025641
연동면,중식 음식점업,5,3.205128205128205
연동면,차량용 가스 충전업,1,0.641025641025641
연동면,차량용 주유소 운영업,2,1.282051282051282
연동면,철물 및 난방용구 소매업,1,0.641025641025641
연동면,체인화 편의점,5,3.205128205128205
연동면,치킨 전문점,4,2.564102564102564
연동면,통신기기 소매업,1,0.641025641025641
연동면,"페인트, 유리 및 기타 건설자재 소매업",1,0.641025641025641
연동면,한식 음식점업,50,32.05128205128205
연동면,화장품 및 방향제 소매업,1,0.641025641025641
연서면,가구 소매업,6,1.3513513513513513
연서면,가방 및 기타 가죽제품 소매업,1,0.22522522522522523
연서면,가전제품 소매업,3,0.6756756756756757
연서면,가전제품 수리업,1,0.22522522522522523
연서면,가정용 가스연료 소매업,1,0.22522522522522523
연서면,가정용 세탁업,3,0.6756756756756757
연서면,가정용 직물제품 소매업,1,0.22522522522522523
연서면,간판 및 광고물 제조업,4,0.9009009009009009
연서면,건강보조식품 소매업,2,0.45045045045045046
연서면,과실 및 채소 소매업,15,3.3783783783783785
연서면,그외 기타 개인 및 가정용품 수리업,2,0.45045045045045046
연서면,그외 기타 분류안된 가정용품 소매업,5,1.1261261261261262
연서면,그외 기타 분류안된 교육기관,1,0.22522522522522523
연서면,그외 기타 분류안된 오락관련 서비스업,1,0.22522522522522523
연서면,그외 기타 종합 소매업,6,1.3513513513513513
연서면,기계공구 소매업,5,1.1261261261261262
연서면,기타 대형 종합 소매업,2,0.45045045045045046
연서면,"기타 섬유, 직물 및 의복액세서리 소매업",3,0.6756756756756757
연서면,기타 식료품 소매업,8,1.8018018018018018
연서면,기타 음·식료품 위주 종합 소매업,2,0.45045045045045046
연서면,기타 자동차신품 부품 및 내장품 판매업,7,1.5765765765765765
연서면,기타 주점업,5,1.1261261261261262
연서면,남녀용 정장 소매업,2,0.45045045045045046
연서면,노래연습장 운영업,2,0.45045045045045046
연서면,당구장 운영업,2,0.45045045045045046
연서면,두발미용업,5,1.1261261261261262
연서면,문구용품 소매업,4,0.9009009009009009
연서면,배관 및 냉·난방 공사업,3,0.6756756756756757
연서면,보육시설 운영업,6,1.3513513513513513
연서면,부동산 자문 및 중개업,38,8.558558558558559
연서면,분식 및 김밥 전문점,9,2.027027027027027
연서면,비알콜 음료점업,16,3.6036036036036037
연서면,사무용 기기 소매업,1,0.22522522522522523
연서면,서양식 음식점업,3,0.6756756756756757
연서면,셔츠 및 기타 의복 소매업,6,1.3513513513513513
연서면,슈퍼마켓,13,2.9279279279279278
연서면,스포츠 교육기관,2,0.45045045045045046
연서면,스포츠 및 레크레이션 용품 임대업,1,0.22522522522522523
연서면,식탁 및 주방용품 소매업,2,0.45045045045045046
연서면,신발 소매업,1,0.22522522522522523
연서면,애완용 동물 및 관련용품 소매업,1,0.22522522522522523
연서면,여관업,7,1.5765765765765765
연서면,예술 학원,1,0.22522522522522523
연서면,외국어학원,1,0.22522522522522523
연서면,욕탕업,2,0.45045045045045046
연서면,운동 및 경기용품 소매업,8,1.8018018018018018
연서면,유리 및 창호 공사업,2,0.45045045045045046
연서면,육류 소매업,2,0.45045045045045046
연서면,음료 소매업,1,0.22522522522522523
연서면,의약품 및 의료용품 소매업,1,0.22522522522522523
연서면,이용업,3,0.6756756756756757
연서면,일반 교과 학원,5,1.1261261261261262
연서면,자동차 세차업,1,0.22522522522522523
연서면,자동차 타이어 및 튜브 판매업,3,0.6756756756756757
연서면,장례식장 및 장의관련 서비스업,2,0.45045045045045046
연서면,전기용품 및 조명장치 소매업,5,1.1261261261261262
연서면,제과점업,1,0.22522522522522523
연서면,중식 음식점업,14,3.153153153153153
연서면,차량용 주유소 운영업,2,0.45045045045045046
연서면,철물 및 난방용구 소매업,9,2.027027027027027
연서면,체인화 편의점,5,1.1261261261261262
연서면,치킨 전문점,8,1.8018018018018018
연서면,통신기기 소매업,1,0.22522522522522523
연서면,"페인트, 유리 및 기타 건설자재 소매업",10,2.2522522522522523
연서면,"피자, 햄버거, 샌드위치 및 유사 음식점업",1,0.22522522522522523
연서면,한식 음식점업,106,23.873873873873876
연서면,화초 및 산식물 소매업,17,3.8288288288288284
장군면,가구 소매업,5,1.0752688172043012
장군면,가전제품 소매업,2,0.43010752688172044
장군면,가정용 가스연료 소매업,1,0.21505376344086022
장군면,가정용 세탁업,3,0.6451612903225806
장군면,간판 및 광고물 제조업,1,0.21505376344086022
장군면,건강보조식품 소매업,4,0.8602150537634409
장군면,경영컨설팅업,1,0.21505376344086022
장군면,곡물 소매업,2,0.43010752688172044
장군면,과실 및 채소 소매업,10,2.1505376344086025
장군면,그외 기타 분류안된 가정용품 소매업,4,0.8602150537634409
장군면,그외 기타 분류안된 상품 전문 소매업,1,0.21505376344086022
장군면,그외 기타 스포츠시설 운영업,1,0.21505376344086022
장군면,그외 기타 음식점업,3,0.6451612903225806
장군면,그외 기타 종합 소매업,1,0.21505376344086022
장군면,기계공구 소매업,1,0.21505376344086022
장군면,기관구내식당업,1,0.21505376344086022
장군면,기타 갬블링 및 베팅업,1,0.21505376344086022
장군면,기타 관광숙박시설 운영업,1,0.21505376344086022
장군면,기타 대형 종합 소매업,1,0.21505376344086022
장군면,"기타 섬유, 직물 및 의복액세서리 소매업",1,0.21505376344086022
장군면,기타 식료품 소매업,10,2.1505376344086025
장군면,기타 음·식료품 위주 종합 소매업,4,0.8602150537634409
장군면,기타 인쇄업,1,0.21505376344086022
장군면,기타 자동차신품 부품 및 내장품 판매업,4,0.8602150537634409
장군면,기타 주점업,13,2.795698924731183
장군면,노래연습장 운영업,4,0.8602150537634409
장군면,당구장 운영업,2,0.43010752688172044
장군면,두발미용업,4,0.8602150537634409
장군면,문구용품 소매업,2,0.43010752688172044
장군면,벽지 및 장판류 소매업,1,0.21505376344086022
장군면,복권발행 및 판매업,1,0.21505376344086022
장군면,부동산 자문 및 중개업,71,15.268817204301074
장군면,분식 및 김밥 전문점,14,3.010752688172043
장군면,비알콜 음료점업,26,5.591397849462366
장군면,서양식 음식점업,8,1.7204301075268817
장군면,서적 및 잡지류 소매업,2,0.43010752688172044
장군면,셔츠 및 기타 의복 소매업,1,0.21505376344086022
장군면,수산물 소매업,2,0.43010752688172044
장군면,슈퍼마켓,13,2.795698924731183
장군면,스포츠 교육기관,2,0.43010752688172044
장군면,여관업,2,0.43010752688172044
장군면,욕탕업,1,0.21505376344086022
장군면,운동 및 경기용품 소매업,2,0.43010752688172044
장군면,육류 소매업,5,1.0752688172043012
장군면,이동 음식업,1,0.21505376344086022
장군면,이용업,4,0.8602150537634409
장군면,인물사진 및 행사용비디오 촬영업,1,0.21505376344086022
장군면,일식 음식점업,4,0.8602150537634409
장군면,자동차 세차업,1,0.21505376344086022
장군면,자동차 타이어 및 튜브 판매업,2,0.43010752688172044
장군면,전기용품 및 조명장치 소매업,4,0.8602150537634409
장군면,전자상거래업,1,0.21505376344086022
장군면,제과점업,1,0.21505376344086022
장군면,중식 음식점업,8,1.7204301075268817
장군면,차량용 주유소 운영업,2,0.43010752688172044
장군면,철물 및 난방용구 소매업,11,2.3655913978494625
장군면,체인화 편의점,22,4.731182795698925
장군면,출장 음식 서비스업,2,0.43010752688172044
장군면,치킨 전문점,8,1.7204301075268817
장군면,컴퓨터 게임방 운영업,2,0.43010752688172044
장군면,"페인트, 유리 및 기타 건설자재 소매업",2,0.43010752688172044
장군면,"피자, 햄버거, 샌드위치 및 유사 음식점업",1,0.21505376344086022
장군면,한식 음식점업,114,24.516129032258064
장군면,"화장, 묘지분양 및 관리업",1,0.21505376344086022
장군면,화장품 및 방향제 소매업,1,0.21505376344086022
장군면,화초 및 산식물 소매업,3,0.6451612903225806
전동면,가정용 가스연료 소매업,2,1.3986013986013985
전동면,가정용 세탁업,1,0.6993006993006993
전동면,건강보조식품 소매업,2,1.3986013986013985
전동면,과실 및 채소 소매업,17,11.888111888111888
전동면,그외 기타 분류안된 가정용품 소매업,1,0.6993006993006993
전동면,그외 기타 음식점업,1,0.6993006993006993
전동면,그외 기타 종합 소매업,3,2.097902097902098
전동면,기계공구 소매업,1,0.6993006993006993
전동면,기타 식료품 소매업,4,2.797202797202797
전동면,기타 음·식료품 위주 종합 소매업,1,0.6993006993006993
전동면,기타 자동차신품 부품 및 내장품 판매업,1,0.6993006993006993
전동면,기타 주점업,2,1.3986013986013985
전동면,기타 중고상품 소매업,2,1.3986013986013985
전동면,기타미용업,1,0.6993006993006993
전동면,낚시장 운영업,1,0.6993006993006993
전동면,당구장 운영업,1,0.6993006993006993
전동면,독서실 운영업,1,0.6993006993006993
전동면,두발미용업,2,1.3986013986013985
전동면,배관 및 냉·난방 공사업,1,0.6993006993006993
전동면,벽지 및 장판류 소매업,1,0.6993006993006993
전동면,부동산 자문 및 중개업,3,2.097902097902098
전동면,분식 및 김밥 전문점,1,0.6993006993006993
전동면,비알콜 음료점업,3,2.097902097902098
전동면,서양식 음식점업,1,0.6993006993006993
전동면,셔츠 및 기타 의복 소매업,1,0.6993006993006993
전동면,슈퍼마켓,4,2.797202797202797
전동면,식탁 및 주방용품 소매업,1,0.6993006993006993
전동면,여관업,5,3.4965034965034967
전동면,예술품 및 골동품 소매업,1,0.6993006993006993
전동면,욕탕업,2,1.3986013986013985
전동면,운전학원,2,1.3986013986013985
전동면,유리 및 창호 공사업,1,0.6993006993006993
전동면,육류 소매업,1,0.6993006993006993
전동면,이용업,2,1.3986013986013985
전동면,일반 교과 학원,1,0.6993006993006993
전동면,일반유흥 주점업,2,1.3986013986013985
전동면,전시 및 행사 대행업,1,0.6993006993006993
전동면,점술 및 유사 서비스업,1,0.6993006993006993
전동면,중식 음식점업,5,3.4965034965034967
전동면,차량용 주유소 운영업,1,0.6993006993006993
전동면,체인화 편의점,3,2.097902097902098
전동면,치킨 전문점,4,2.797202797202797
전동면,"페인트, 유리 및 기타 건설자재 소매업",2,1.3986013986013985
전동면,한식 음식점업,32,22.377622377622377
전동면,"화장, 묘지분양 및 관리업",1,0.6993006993006993
전동면,화초 및 산식물 소매업,5,3.4965034965034967
전의면,가구 소매업,4,0.9592326139088728
전의면,가전제품 소매업,1,0.2398081534772182
전의면,가전제품 수리업,2,0.4796163069544364
전의면,가정용 가스연료 소매업,2,0.4796163069544364
전의면,가정용 세탁업,3,0.7194244604316548
전의면,가정용 직물제품 소매업,1,0.2398081534772182
전의면,건강보조식품 소매업,7,1.6786570743405276
전의면,"게임용구, 인형 및 장난감 소매업",1,0.2398081534772182
전의면,경영컨설팅업,1,0.2398081534772182
전의면,곡물 소매업,1,0.2398081534772182
전의면,과실 및 채소 소매업,16,3.8369304556354913
전의면,그외 기타 개인 및 가정용품 수리업,1,0.2398081534772182
전의면,그외 기타 분류안된 가정용품 소매업,4,0.9592326139088728
전의면,그외 기타 분류안된 교육기관,1,0.2398081534772182
전의면,그외 기타 분류안된 상품 전문 소매업,1,0.2398081534772182
전의면,그외 기타 음식점업,1,0.2398081534772182
전의면,그외 기타 종합 소매업,3,0.7194244604316548
전의면,기타 갬블링 및 베팅업,1,0.2398081534772182
전의면,기타 관광숙박시설 운영업,2,0.4796163069544364
전의면,"기타 섬유, 직물 및 의복액세서리 소매업",5,1.1990407673860912
전의면,기타 식료품 소매업,9,2.158273381294964
전의면,기타 음·식료품 위주 종합 소매업,7,1.6786570743405276
전의면,기타 주점업,17,4.07673860911271
전의면,기타 중고상품 소매업,4,0.9592326139088728
전의면,노래연습장 운영업,3,0.7194244604316548
전의면,당구장 운영업,2,0.4796163069544364
전의면,두발미용업,20,4.796163069544365
전의면,문구용품 소매업,5,1.1990407673860912
전의면,배관 및 냉·난방 공사업,1,0.2398081534772182
전의면,벽지 및 장판류 소매업,3,0.7194244604316548
전의면,보육시설 운영업,1,0.2398081534772182
전의면,부동산 자문 및 중개업,9,2.158273381294964
전의면,분식 및 김밥 전문점,16,3.8369304556354913
전의면,비알콜 음료점업,19,4.556354916067146
전의면,사업 및 무형 재산권 중개업,1,0.2398081534772182
전의면,서양식 음식점업,4,0.9592326139088728
전의면,셔츠 및 기타 의복 소매업,5,1.1990407673860912
전의면,슈퍼마켓,8,1.9184652278177456
전의면,신발 소매업,1,0.2398081534772182
전의면,애완용 동물 및 관련용품 소매업,1,0.2398081534772182
전의면,여관업,3,0.7194244604316548
전의면,예술 학원,3,0.7194244604316548
전의면,외국어학원,2,0.4796163069544364
전의면,욕탕업,1,0.2398081534772182
전의면,운동 및 경기용품 소매업,1,0.2398081534772182
전의면,육류 소매업,2,0.4796163069544364
전의면,이동 음식업,1,0.2398081534772182
전의면,이용업,5,1.1990407673860912
전의면,인물사진 및 행사용비디오 촬영업,1,0.2398081534772182
전의면,일반 교과 학원,6,1.4388489208633095
전의면,일반 화물자동차 운송업,1,0.2398081534772182
전의면,일반유흥 주점업,2,0.4796163069544364
전의면,일식 음식점업,2,0.4796163069544364
전의면,자동차 세차업,1,0.2398081534772182
전의면,자동차 신품 판매업,1,0.2398081534772182
전의면,장례식장 및 장의관련 서비스업,2,0.4796163069544364
전의면,전기용품 및 조명장치 소매업,5,1.1990407673860912
전의면,전자상거래업,1,0.2398081534772182
전의면,제과점업,5,1.1990407673860912
전의면,중고 자동차 판매업,1,0.2398081534772182
전의면,중식 음식점업,6,1.4388489208633095
전의면,차량용 가스 충전업,1,0.2398081534772182
전의면,차량용 주유소 운영업,2,0.4796163069544364
전의면,철물 및 난방용구 소매업,9,2.158273381294964
전의면,체인화 편의점,8,1.9184652278177456
전의면,출장 음식 서비스업,1,0.2398081534772182
전의면,치킨 전문점,7,1.6786570743405276
전의면,컴퓨터 게임방 운영업,1,0.2398081534772182
전의면,컴퓨터 학원,1,0.2398081534772182
전의면,통신기기 소매업,2,0.4796163069544364
전의면,"페인트, 유리 및 기타 건설자재 소매업",8,1.9184652278177456
전의면,"피자, 햄버거, 샌드위치 및 유사 음식점업",1,0.2398081534772182
전의면,한식 음식점업,100,23.980815347721823
전의면,"화장, 묘지분양 및 관리업",1,0.2398081534772182
전의면,화장품 및 방향제 소매업,4,0.9592326139088728
전의면,화초 및 산식물 소매업,8,1.9184652278177456
조치원읍,가구 소매업,16,0.45032367013791164
조치원읍,가방 및 기타 가죽제품 소매업,5,0.14072614691809737
조치원읍,가전제품 소매업,25,0.703630734590487
조치원읍,가전제품 수리업,2,0.056290458767238954
조치원읍,가정용 가스연료 소매업,3,0.08443568815085843
조치원읍,가정용 고체연료 소매업,1,0.028145229383619477
조치원읍,가정용 세탁업,61,1.7168589924007882
조치원읍,가정용 액체연료 소매업,1,0.028145229383619477
조치원읍,가정용 직물제품 소매업,15,0.4221784407542921
조치원읍,간판 및 광고물 제조업,5,0.14072614691809737
조치원읍,건강보조식품 소매업,43,1.2102448634956375
조치원읍,곡물 소매업,13,0.3658879819870532
조치원읍,골프연습장 운영업,1,0.028145229383619477
조치원읍,과실 및 채소 소매업,75,2.110892203771461
조치원읍,관광 민예품 및 선물용품 소매업,3,0.08443568815085843
조치원읍,그외 기타 개인 및 가정용품 수리업,2,0.056290458767238954
조치원읍,그외 기타 개인 및 가정용품 임대업,5,0.14072614691809737
조치원읍,그외 기타 달리 분류되지 않은 개인 서비스업,2,0.056290458767238954
조치원읍,그외 기타 분류안된 가정용품 소매업,15,0.4221784407542921
조치원읍,그외 기타 분류안된 교육기관,11,0.30959752321981426
조치원읍,그외 기타 분류안된 사업지원 서비스업,1,0.028145229383619477
조치원읍,그외 기타 분류안된 상품 전문 소매업,3,0.08443568815085843
조치원읍,그외 기타 분류안된 오락관련 서비스업,1,0.028145229383619477
조치원읍,그외 기타 스포츠시설 운영업,4,0.11258091753447791
조치원읍,그외 기타 음식점업,5,0.14072614691809737
조치원읍,그외 기타 종합 소매업,68,1.9138755980861244
조치원읍,기계공구 소매업,3,0.08443568815085843
조치원읍,기관구내식당업,1,0.028145229383619477
조치원읍,기타 갬블링 및 베팅업,2,0.056290458767238954
조치원읍,기타 기술 및 직업훈련학원,3,0.08443568815085843
조치원읍,기타 대형 종합 소매업,2,0.056290458767238954
조치원읍,기타 미용관련 서비스업,2,0.056290458767238954
조치원읍,기타 사무지원 서비스업,1,0.028145229383619477
조치원읍,"기타 섬유, 직물 및 의복액세서리 소매업",32,0.9006473402758233
조치원읍,기타 식료품 소매업,39,1.0976639459611595
조치원읍,기타 외국식 음식점업,3,0.08443568815085843
조치원읍,기타 음·식료품 위주 종합 소매업,13,0.3658879819870532
조치원읍,기타 인쇄업,9,0.2533070644525753
조치원읍,기타 자동차신품 부품 및 내장품 판매업,12,0.3377427526034337
조치원읍,기타 전문 디자인업,1,0.028145229383619477
조치원읍,기타 주점업,128,3.602589361103293
조치원읍,기타 중고상품 소매업,5,0.14072614691809737
조치원읍,기타미용업,12,0.3377427526034337
조치원읍,남녀용 정장 소매업,11,0.30959752321981426
조치원읍,내의 소매업,1,0.028145229383619477
조치원읍,노래연습장 운영업,44,1.238390092879257
조치원읍,당구장 운영업,10,0.28145229383619474
조치원읍,독서실 운영업,2,0.056290458767238954
조치원읍,두발미용업,155,4.362510554461019
조치원읍,레크레이션 교육기관,4,0.11258091753447791
조치원읍,마사지업,10,0.28145229383619474
조치원읍,무도장 운영업,2,0.056290458767238954
조치원읍,문구용품 소매업,25,0.703630734590487
조치원읍,방문 교육 학원,6,0.16887137630171686
조치원읍,배관 및 냉·난방 공사업,7,0.19701660568533633
조치원읍,벽지 및 장판류 소매업,13,0.3658879819870532
조치원읍,보육시설 운영업,35,0.9850830284266816
조치원읍,복권발행 및 판매업,6,0.16887137630171686
조치원읍,복사업,2,0.056290458767238954
조치원읍,볼링장 운영업,2,0.056290458767238954
조치원읍,부동산 자문 및 중개업,102,2.8708133971291865
조치원읍,분식 및 김밥 전문점,156,4.390655783844638
조치원읍,비디오물 감상실 운영업,1,0.028145229383619477
조치원읍,비알콜 음료점업,97,2.7300872502110893
조치원읍,사무용 기기 소매업,4,0.11258091753447791
조치원읍,사진기 및 사진용품 소매업,5,0.14072614691809737
조치원읍,서양식 음식점업,31,0.8725021108922038
조치원읍,서적 및 잡지류 소매업,14,0.39403321137067265
조치원읍,서적 임대업,1,0.028145229383619477
조치원읍,셔츠 및 기타 의복 소매업,110,3.0959752321981426
조치원읍,수산물 소매업,20,0.5629045876723895
조치원읍,슈퍼마켓,64,1.8012946805516465
조치원읍,스포츠 교육기관,17,0.4784688995215311
조치원읍,시계 및 귀금속 소매업,2,0.056290458767238954
조치원읍,식탁 및 주방용품 소매업,8,0.22516183506895582
조치원읍,신발 소매업,11,0.30959752321981426
조치원읍,"신발, 의복 및 기타 가정용 직물제품 수리업",13,0.3658879819870532
조치원읍,안경 소매업,17,0.4784688995215311
조치원읍,애완동물 장묘 및 보호 서비스업,1,0.028145229383619477
조치원읍,애완용 동물 및 관련용품 소매업,8,0.22516183506895582
조치원읍,여관업,36,1.0132282578103011
조치원읍,예술 학원,22,0.6191950464396285
조치원읍,예술품 및 골동품 소매업,1,0.028145229383619477
조치원읍,예식장업,3,0.08443568815085843
조치원읍,외국어학원,17,0.4784688995215311
조치원읍,욕탕업,12,0.3377427526034337
조치원읍,우편업,2,0.056290458767238954
조치원읍,운동 및 경기용품 소매업,14,0.39403321137067265
조치원읍,운전학원,4,0.11258091753447791
조치원읍,유리 및 창호 공사업,1,0.028145229383619477
조치원읍,육류 소매업,50,1.407261469180974
조치원읍,음반 및 비디오물 임대업,1,0.028145229383619477
조치원읍,의약품 및 의료용품 소매업,7,0.19701660568533633
조치원읍,이동 음식업,3,0.08443568815085843
조치원읍,이용업,32,0.9006473402758233
조치원읍,인물사진 및 행사용비디오 촬영업,8,0.22516183506895582
조치원읍,일반 교과 학원,80,2.251618350689558
조치원읍,일반 화물자동차 운송업,4,0.11258091753447791
조치원읍,일반유흥 주점업,47,1.3228257810301154
조치원읍,일식 음식점업,13,0.3658879819870532
조치원읍,자동차 세차업,12,0.3377427526034337
조치원읍,자동차 신품 판매업,5,0.14072614691809737
조치원읍,자동차 임대업,5,0.14072614691809737
조치원읍,자동차 타이어 및 튜브 판매업,6,0.16887137630171686
조치원읍,자전거 및 기타 운송장비 소매업,1,0.028145229383619477
조치원읍,장례식장 및 장의관련 서비스업,3,0.08443568815085843
조치원읍,전기용품 및 조명장치 소매업,26,0.7317759639741064
조치원읍,전시 및 행사 대행업,3,0.08443568815085843
조치원읍,전자 게임장 운영업,3,0.08443568815085843
조치원읍,전자상거래업,2,0.056290458767238954
조치원읍,제과점업,42,1.182099634112018
조치원읍,종합 스포츠시설 운영업,2,0.056290458767238954
조치원읍,주차장 운영업,4,0.11258091753447791
조치원읍,중고 자동차 판매업,5,0.14072614691809737
조치원읍,중식 음식점업,55,1.5479876160990713
조치원읍,차량용 가스 충전업,2,0.056290458767238954
조치원읍,차량용 주유소 운영업,5,0.14072614691809737
조치원읍,철물 및 난방용구 소매업,26,0.7317759639741064
조치원읍,체인화 편의점,74,2.0827469743878413
조치원읍,출장 음식 서비스업,4,0.11258091753447791
조치원읍,치킨 전문점,95,2.6737967914438503
조치원읍,컴퓨터 게임방 운영업,13,0.3658879819870532
조치원읍,컴퓨터 및 사무용 기기 수리업,6,0.16887137630171686
조치원읍,"컴퓨터 및 주변장치, 소프트웨어 소매업",14,0.39403321137067265
조치원읍,컴퓨터 학원,2,0.056290458767238954
조치원읍,통신기기 소매업,32,0.9006473402758233
조치원읍,"페인트, 유리 및 기타 건설자재 소매업",46,1.294680551646496
조치원읍,포장 및 충전업,1,0.028145229383619477
조치원읍,표구 및 전사처리 제조업,1,0.028145229383619477
조치원읍,"피자, 햄버거, 샌드위치 및 유사 음식점업",28,0.7880664227413453
조치원읍,한복 소매업,4,0.11258091753447791
조치원읍,한식 음식점업,692,19.476498733464677
조치원읍,화장품 및 방향제 소매업,41,1.1539544047283985
조치원읍,화초 및 산식물 소매업,32,0.9006473402758233
종촌동,가구 소매업,2,0.5780346820809248
종촌동,가방 및 기타 가죽제품 소매업,1,0.2890173410404624
종촌동,가정용 세탁업,4,1.1560693641618496
종촌동,건강보조식품 소매업,1,0.2890173410404624
종촌동,"게임용구, 인형 및 장난감 소매업",1,0.2890173410404624
종촌동,경영컨설팅업,1,0.2890173410404624
종촌동,과실 및 채소 소매업,3,0.8670520231213872
종촌동,그외 기타 분류안된 가정용품 소매업,2,0.5780346820809248
종촌동,그외 기타 분류안된 교육기관,2,0.5780346820809248
종촌동,그외 기타 음식점업,3,0.8670520231213872
종촌동,그외 기타 종합 소매업,21,6.069364161849711
종촌동,기타 갬블링 및 베팅업,1,0.2890173410404624
종촌동,기타 기술 및 직업훈련학원,1,0.2890173410404624
종촌동,기타 대형 종합 소매업,2,0.5780346820809248
종촌동,"기타 섬유, 직물 및 의복액세서리 소매업",3,0.8670520231213872
종촌동,기타 식료품 소매업,2,0.5780346820809248
종촌동,기타 외국식 음식점업,2,0.5780346820809248
종촌동,기타 음·식료품 위주 종합 소매업,4,1.1560693641618496
종촌동,기타 주점업,9,2.601156069364162
종촌동,기타미용업,6,1.7341040462427744
종촌동,남녀용 정장 소매업,4,1.1560693641618496
종촌동,두발미용업,19,5.491329479768786
종촌동,문구용품 소매업,3,0.8670520231213872
종촌동,보육시설 운영업,12,3.4682080924855487
종촌동,부동산 자문 및 중개업,20,5.780346820809249
종촌동,분식 및 김밥 전문점,12,3.4682080924855487
종촌동,비알콜 음료점업,32,9.248554913294797
종촌동,사무용 기기 소매업,1,0.2890173410404624
종촌동,서양식 음식점업,7,2.023121387283237
종촌동,셔츠 및 기타 의복 소매업,3,0.8670520231213872
종촌동,슈퍼마켓,4,1.1560693641618496
종촌동,스포츠 교육기관,5,1.4450867052023122
종촌동,시계 및 귀금속 소매업,3,0.8670520231213872
종촌동,신발 소매업,1,0.2890173410404624
종촌동,"신발, 의복 및 기타 가정용 직물제품 수리업",2,0.5780346820809248
종촌동,안경 소매업,5,1.4450867052023122
종촌동,예술 학원,12,3.4682080924855487
종촌동,외국어학원,6,1.7341040462427744
종촌동,욕탕업,1,0.2890173410404624
종촌동,육류 소매업,2,0.5780346820809248
종촌동,이용업,5,1.4450867052023122
종촌동,인물사진 및 행사용비디오 촬영업,1,0.2890173410404624
종촌동,일반 교과 학원,19,5.491329479768786
종촌동,일식 음식점업,4,1.1560693641618496
종촌동,자동차 세차업,1,0.2890173410404624
종촌동,전기용품 및 조명장치 소매업,2,0.5780346820809248
종촌동,전시 및 행사 대행업,1,0.2890173410404624
종촌동,제과점업,14,4.046242774566474
종촌동,종합 스포츠시설 운영업,1,0.2890173410404624
종촌동,중식 음식점업,4,1.1560693641618496
종촌동,체력단련시설 운영업,1,0.2890173410404624
종촌동,체인화 편의점,7,2.023121387283237
종촌동,치킨 전문점,6,1.7341040462427744
종촌동,통신기기 소매업,3,0.8670520231213872
종촌동,"피자, 햄버거, 샌드위치 및 유사 음식점업",4,1.1560693641618496
종촌동,한식 음식점업,32,9.248554913294797
종촌동,화장품 및 방향제 소매업,5,1.4450867052023122
종촌동,화초 및 산식물 소매업,1,0.2890173410404624
한솔동,가구 소매업,1,0.21691973969631237
한솔동,가전제품 수리업,1,0.21691973969631237
한솔동,가정용 세탁업,12,2.6030368763557483
한솔동,건강보조식품 소매업,3,0.6507592190889371
한솔동,과실 및 채소 소매업,1,0.21691973969631237
한솔동,관광 민예품 및 선물용품 소매업,1,0.21691973969631237
한솔동,그외 기타 분류안된 가정용품 소매업,3,0.6507592190889371
한솔동,그외 기타 분류안된 교육기관,5,1.0845986984815619
한솔동,그외 기타 음식점업,2,0.43383947939262474
한솔동,그외 기타 종합 소매업,4,0.8676789587852495
한솔동,기관구내식당업,4,0.8676789587852495
한솔동,기타 대형 종합 소매업,6,1.3015184381778742
한솔동,"기타 섬유, 직물 및 의복액세서리 소매업",1,0.21691973969631237
한솔동,기타 식료품 소매업,4,0.8676789587852495
한솔동,기타 음·식료품 위주 종합 소매업,1,0.21691973969631237
한솔동,기타 주점업,8,1.735357917570499
한솔동,기타미용업,3,0.6507592190889371
한솔동,남녀용 정장 소매업,2,0.43383947939262474
한솔동,노래연습장 운영업,1,0.21691973969631237
한솔동,두발미용업,24,5.206073752711497
한솔동,문구용품 소매업,2,0.43383947939262474
한솔동,방문 교육 학원,1,0.21691973969631237
한솔동,보육시설 운영업,11,2.386117136659436
한솔동,복권발행 및 판매업,1,0.21691973969631237
한솔동,부동산 자문 및 중개업,89,19.305856832971802
한솔동,분식 및 김밥 전문점,15,3.2537960954446854
한솔동,비알콜 음료점업,18,3.9045553145336225
한솔동,서양식 음식점업,7,1.5184381778741864
한솔동,서적 및 잡지류 소매업,2,0.43383947939262474
한솔동,셔츠 및 기타 의복 소매업,7,1.5184381778741864
한솔동,수산물 소매업,1,0.21691973969631237
한솔동,슈퍼마켓,8,1.735357917570499
한솔동,스포츠 교육기관,8,1.735357917570499
한솔동,스포츠 및 레크레이션 용품 임대업,1,0.21691973969631237
한솔동,"신발, 의복 및 기타 가정용 직물제품 수리업",1,0.21691973969631237
한솔동,안경 소매업,2,0.43383947939262474
한솔동,애완용 동물 및 관련용품 소매업,1,0.21691973969631237
한솔동,예술 학원,18,3.9045553145336225
한솔동,외국어학원,7,1.5184381778741864
한솔동,우편업,1,0.21691973969631237
한솔동,일반 교과 학원,20,4.3383947939262475
한솔동,일반유흥 주점업,1,0.21691973969631237
한솔동,일식 음식점업,5,1.0845986984815619
한솔동,자동차 세차업,1,0.21691973969631237
한솔동,전기용품 및 조명장치 소매업,1,0.21691973969631237
한솔동,제과점업,17,3.68763557483731
한솔동,중식 음식점업,3,0.6507592190889371
한솔동,철물 및 난방용구 소매업,1,0.21691973969631237
한솔동,체인화 편의점,9,1.9522776572668112
한솔동,치킨 전문점,11,2.386117136659436
한솔동,컴퓨터 학원,1,0.21691973969631237
한솔동,통신기기 소매업,6,1.3015184381778742
한솔동,"피자, 햄버거, 샌드위치 및 유사 음식점업",4,0.8676789587852495
한솔동,한식 음식점업,78,16.919739696312362
한솔동,화장품 및 방향제 소매업,2,0.43383947939262474
한솔동,화초 및 산식물 소매업,3,0.6507592190889371
